{
  "per_flow": {
    "HRP": {
      "delivery_ratio": 1.0,
      "deadline_miss_ratio": 0.0,
      "mean_sojourn_ms": 1.0093333333333334,
      "p95_sojourn_ms": 1.0,
      "p99_sojourn_ms": 1.0,
      "throughput_bps": 1280000.0,
      "bandwidth_utilization": 0.08
    },
    "SRP": {
      "delivery_ratio": 1.0,
      "deadline_miss_ratio": 0.0,
      "mean_sojourn_ms": 1.0203333333333333,
      "p95_sojourn_ms": 1.0,
      "p99_sojourn_ms": 2.0,
      "throughput_bps": 16000000.0,
      "bandwidth_utilization": 1.0
    },
    "ETC": {
      "delivery_ratio": 0.9945155393053017,
      "deadline_miss_ratio": 0.0,
      "mean_sojourn_ms": 1.0,
      "p95_sojourn_ms": 1.0,
      "p99_sojourn_ms": 1.0,
      "throughput_bps": 232106.6666666667,
      "bandwidth_utilization": 0.014506666666666666
    }
  },
  "per_ue": {
    "0": {
      "delivery_ratio": 1.0,
      "deadline_miss_ratio": 0.0,
      "mean_sojourn_ms": 1.00398406374502,
      "p95_sojourn_ms": 1.0,
      "p99_sojourn_ms": 1.0,
      "throughput_bps": 1750186.6666666667,
      "bandwidth_utilization": 0.10938666666666666
    },
    "1": {
      "delivery_ratio": 1.0,
      "deadline_miss_ratio": 0.0,
      "mean_sojourn_ms": 1.0060483870967742,
      "p95_sojourn_ms": 1.0,
      "p99_sojourn_ms": 1.0,
      "throughput_bps": 1747626.6666666667,
      "bandwidth_utilization": 0.10922666666666667
    },
    "2": {
      "delivery_ratio": 1.0,
      "deadline_miss_ratio": 0.0,
      "mean_sojourn_ms": 1.0059880239520957,
      "p95_sojourn_ms": 1.0,
      "p99_sojourn_ms": 1.0,
      "throughput_bps": 1749760.0,
      "bandwidth_utilization": 0.10936
    },
    "3": {
      "delivery_ratio": 1.0,
      "deadline_miss_ratio": 0.0,
      "mean_sojourn_ms": 1.0118110236220472,
      "p95_sojourn_ms": 1.0,
      "p99_sojourn_ms": 2.0,
      "throughput_bps": 1752746.6666666667,
      "bandwidth_utilization": 0.10954666666666667
    },
    "4": {
      "delivery_ratio": 1.0,
      "deadline_miss_ratio": 0.0,
      "mean_sojourn_ms": 1.0119521912350598,
      "p95_sojourn_ms": 1.0,
      "p99_sojourn_ms": 2.0,
      "throughput_bps": 1750186.6666666667,
      "bandwidth_utilization": 0.10938666666666666
    },
    "5": {
      "delivery_ratio": 1.0,
      "deadline_miss_ratio": 0.0,
      "mean_sojourn_ms": 1.0059642147117296,
      "p95_sojourn_ms": 1.0,
      "p99_sojourn_ms": 1.0,
      "throughput_bps": 1750613.3333333335,
      "bandwidth_utilization": 0.10941333333333333
    },
    "6": {
      "delivery_ratio": 0.9979959919839679,
      "deadline_miss_ratio": 0.0,
      "mean_sojourn_ms": 1.0261044176706828,
      "p95_sojourn_ms": 1.0,
      "p99_sojourn_ms": 2.0,
      "throughput_bps": 1748480.0,
      "bandwidth_utilization": 0.10928
    },
    "7": {
      "delivery_ratio": 0.9980430528375733,
      "deadline_miss_ratio": 0.0,
      "mean_sojourn_ms": 1.0176470588235293,
      "p95_sojourn_ms": 1.0,
      "p99_sojourn_ms": 2.0,
      "throughput_bps": 1753600.0,
      "bandwidth_utilization": 0.1096
    },
    "8": {
      "delivery_ratio": 1.0,
      "deadline_miss_ratio": 0.0,
      "mean_sojourn_ms": 1.0214424951267056,
      "p95_sojourn_ms": 1.0,
      "p99_sojourn_ms": 2.0,
      "throughput_bps": 1754880.0,
      "bandwidth_utilization": 0.10968
    },
    "9": {
      "delivery_ratio": 0.998046875,
      "deadline_miss_ratio": 0.0,
      "mean_sojourn_ms": 1.0371819960861057,
      "p95_sojourn_ms": 1.0,
      "p99_sojourn_ms": 2.0,
      "throughput_bps": 1754026.6666666667,
      "bandwidth_utilization": 0.10962666666666666
    }
  },
  "jain_fairness_throughput": 0.9999982286732075
}