{
  "total_slots": 1000,
  "random_seed": 42,
  "total_arrivals": 484,
  "arrivals_by_flow": {
    "HRP": 250,
    "SRP": 50,
    "ETC": 184
  },
  "total_served": 496,
  "total_delivered": 473,
  "total_served_deadline_missed": 0,
  "total_deadline_missed": 11,
  "total_dropped_deadline_missed": 11,
  "total_dropped_max_tx": 0,
  "total_tx_attempts": 496,
  "deadline_miss_rate_served": 0.0,
  "deadline_miss_rate_total": 0.022727272727272728,
  "delivered_rate": 0.9772727272727273,
  "avg_tx_per_delivered": 1.0274841437632136,
  "total_failed": 11,
  "failure_rate_total": 0.022727272727272728,
  "avg_sojourn_ms": 1.3615221987315012,
  "p95_sojourn_ms": 3.0,
  "p99_sojourn_ms": 4.0,
  "queue_max_len": 3,
  "queue_size_by_priority_end": {
    "1": 0,
    "2": 0,
    "3": 0
  },
  "mean_snr_db": 24.024193989464347,
  "p05_snr_db": 9.554809530049642,
  "p50_snr_db": 24.20105696870394,
  "p95_snr_db": 38.34516900132816,
  "mcs_counts": {
    "QPSK": 141,
    "16QAM": 355
  },
  "los_rate": 0.1774193548387097
}