{
  "per_flow": {
    "HRP": {
      "delivery_ratio": 1.0,
      "deadline_miss_ratio": 0.0,
      "mean_sojourn_ms": 1.0046666666666666,
      "p95_sojourn_ms": 1.0,
      "p99_sojourn_ms": 1.0,
      "throughput_bps": 1280000.0,
      "bandwidth_utilization": 0.64
    },
    "SRP": {
      "delivery_ratio": 0.217,
      "deadline_miss_ratio": 0.7506666666666667,
      "mean_sojourn_ms": 9.821812596006144,
      "p95_sojourn_ms": 10.0,
      "p99_sojourn_ms": 10.0,
      "throughput_bps": 3472000.0,
      "bandwidth_utilization": 1.736
    },
    "ETC": {
      "delivery_ratio": 0.9981718464351006,
      "deadline_miss_ratio": 0.0018281535648994515,
      "mean_sojourn_ms": 1.0,
      "p95_sojourn_ms": 1.0,
      "p99_sojourn_ms": 1.0,
      "throughput_bps": 232960.0,
      "bandwidth_utilization": 0.11648
    }
  },
  "per_ue": {
    "0": {
      "delivery_ratio": 0.9800796812749004,
      "deadline_miss_ratio": 0.00199203187250996,
      "mean_sojourn_ms": 6.264227642276423,
      "p95_sojourn_ms": 10.0,
      "p99_sojourn_ms": 10.0,
      "throughput_bps": 1696853.3333333335,
      "bandwidth_utilization": 0.8484266666666667
    },
    "1": {
      "delivery_ratio": 0.7963709677419355,
      "deadline_miss_ratio": 0.18548387096774194,
      "mean_sojourn_ms": 5.49873417721519,
      "p95_sojourn_ms": 10.0,
      "p99_sojourn_ms": 10.0,
      "throughput_bps": 1208960.0,
      "bandwidth_utilization": 0.60448
    },
    "2": {
      "delivery_ratio": 0.6906187624750499,
      "deadline_miss_ratio": 0.29141716566866266,
      "mean_sojourn_ms": 4.734104046242774,
      "p95_sojourn_ms": 10.0,
      "p99_sojourn_ms": 10.0,
      "throughput_bps": 923093.3333333334,
      "bandwidth_utilization": 0.46154666666666666
    },
    "3": {
      "delivery_ratio": 0.4153543307086614,
      "deadline_miss_ratio": 0.5649606299212598,
      "mean_sojourn_ms": 1.0710900473933649,
      "p95_sojourn_ms": 1.0,
      "p99_sojourn_ms": 2.0,
      "throughput_bps": 168746.6666666667,
      "bandwidth_utilization": 0.08437333333333333
    },
    "4": {
      "delivery_ratio": 0.4043824701195219,
      "deadline_miss_ratio": 0.5756972111553785,
      "mean_sojourn_ms": 1.0246305418719213,
      "p95_sojourn_ms": 1.0,
      "p99_sojourn_ms": 1.0,
      "throughput_bps": 160426.6666666667,
      "bandwidth_utilization": 0.08021333333333333
    },
    "5": {
      "delivery_ratio": 0.4115308151093439,
      "deadline_miss_ratio": 0.5685884691848907,
      "mean_sojourn_ms": 1.1111111111111112,
      "p95_sojourn_ms": 1.0,
      "p99_sojourn_ms": 5.0,
      "throughput_bps": 171946.6666666667,
      "bandwidth_utilization": 0.08597333333333333
    },
    "6": {
      "delivery_ratio": 0.40480961923847697,
      "deadline_miss_ratio": 0.5751503006012024,
      "mean_sojourn_ms": 1.0891089108910892,
      "p95_sojourn_ms": 1.0,
      "p99_sojourn_ms": 5.0,
      "throughput_bps": 164906.6666666667,
      "bandwidth_utilization": 0.08245333333333334
    },
    "7": {
      "delivery_ratio": 0.41682974559686886,
      "deadline_miss_ratio": 0.5636007827788649,
      "mean_sojourn_ms": 1.051643192488263,
      "p95_sojourn_ms": 1.0,
      "p99_sojourn_ms": 2.0,
      "throughput_bps": 164693.33333333334,
      "bandwidth_utilization": 0.08234666666666667
    },
    "8": {
      "delivery_ratio": 0.4171539961013645,
      "deadline_miss_ratio": 0.5633528265107213,
      "mean_sojourn_ms": 1.02803738317757,
      "p95_sojourn_ms": 1.0,
      "p99_sojourn_ms": 1.0,
      "throughput_bps": 160213.33333333334,
      "bandwidth_utilization": 0.08010666666666667
    },
    "9": {
      "delivery_ratio": 0.41796875,
      "deadline_miss_ratio": 0.5625,
      "mean_sojourn_ms": 1.060747663551402,
      "p95_sojourn_ms": 1.0,
      "p99_sojourn_ms": 2.0,
      "throughput_bps": 165120.0,
      "bandwidth_utilization": 0.08256
    }
  },
  "jain_fairness_throughput": 0.4615473213766081
}